{
    "B1": [
        [
            -0.9839600866503394,
            0.023408630739563414,
            -0.17684621535660683,
            0.25537209762554536
        ],
        [
            -0.01438359388134064,
            -0.9985359834838835,
            -0.05214404965986334,
            0.4018675006358741
        ],
        [
            -0.17780793038026524,
            -0.04876397948047719,
            0.98285625307016,
            0.17244375355572425
        ],
        [
            0.0,
            0.0,
            0.0,
            1.0
        ]
    ],
    "B2": [
        [
            0.020994259813323774,
            -0.9997784780335052,
            0.0014952979297552886,
            0.6717342338611523
        ],
        [
            0.9968114770487569,
            0.021047069933406715,
            0.07696687645405527,
            0.021000612966918516
        ],
        [
            -0.07698129824032704,
            -0.0001253324633091106,
            0.9970325290646276,
            0.14234977154279185
        ],
        [
            0.0,
            0.0,
            0.0,
            1.0
        ]
    ]
}